<?xml version="1.0" encoding="UTF-8" standalone="yes"?>
<addon id="plugin.video.CRIME_SCENE"
	name="[COLOR red]CRIME SCENE[/COLOR]"
	version="1.0.6"
	provider-name="[I][COLOR red]Rock[/COLOR][/I]">
  <requires>
    <import addon="xbmc.python" version="3.0.0"/>
    <import addon="script.module.simplejson"/>
    <import addon="script.module.resolveurl"/>
    <import addon="inputstream.adaptive"/>
    <import addon="plugin.video.youtube" optional="true" />
  </requires>
  <extension point="xbmc.python.pluginsource" library="default.py">
    <provides>video</provides>
  </extension>
  <extension point="xbmc.addon.metadata">
    <summary lang="en">CRIME SCENE on YouTube</summary>
    <description lang="en">All video contained within this add-on is scraped from youtube Channels and is not hosted in any way by the author.</description>
    <platform>all</platform>
    <assets>
    <icon>icon.png</icon>
    <fanart>fanart.jpg</fanart>
    </assets>
  </extension>
</addon>

