<?xml version="1.0" encoding="UTF-8" standalone="yes"?>
<addon id="plugin.video.slipstream"
       name="[COLOR red]Slipstream[/COLOR]"
       version="1.0.1"
       provider-name="[I][COLOR red]Rock[/COLOR][/I]">
  <requires>
    <import addon="xbmc.python" version="2.24.0"/>
	<import addon="script.module.requests"/>
    <import addon="script.module.resolveurl"/>
	<import addon="inputstream.adaptive"/>
	<import addon="plugin.video.youtube" optional="true" />
  </requires>
  <extension point="xbmc.python.pluginsource"
			library="Slipstream.py">
			<provides>video</provides>
  </extension>
  <extension point="xbmc.addon.metadata">
    <summary lang="en">Race Replays</summary>
    <description lang="en">Race Replays</description>
    <language>en</language>
	<platform>all</platform>
  </extension>
</addon>
