<?xml version="1.0" encoding="UTF-8" standalone="yes"?>
<addon id="plugin.video.BRAIN_DRAIN"
	name="[COLOR red]BRAIN DRAIN[/COLOR]"
	version="1.0.7"
	provider-name="[I][COLOR red]Rock[/COLOR][/I]">
  <requires>
    <import addon="xbmc.python" version="2.24.0"/>
    <import addon="script.module.simplejson"/>
    <import addon="script.module.resolveurl"/>
    <import addon="inputstream.adaptive"/>
    <import addon="plugin.video.youtube" optional="true" />
  </requires>
  <extension point="xbmc.python.pluginsource" library="default.py">
    <provides>video</provides>
  </extension>
  <extension point="xbmc.addon.metadata">
    <summary lang="en">BRAIN DRAIN on YouTube</summary>
    <description lang="en">All video contained within this add-on is scraped from youtube Channels and is not hosted in any way by the author.</description>
    <platform>all</platform>
    <forum></forum>
    <website></website>
  </extension>
</addon>

