<?xml version="1.0" encoding="UTF-8" standalone="yes"?>
<addon id="program.RockCleaner-Classic"
       name="[COLOR red]ROCK CLEANER CLASSIC[/COLOR]"
       version="1.0.8"
       provider-name="[I][COLOR red]Rock[/COLOR][/I]">
  <requires>
    <import addon="xbmc.python" version="3.0.0"/>
  </requires>
  <extension point="xbmc.python.pluginsource" library="cleaner.py">
        <provides>executable</provides>
  </extension>
  <extension point="xbmc.addon.metadata">
    <platform>all</platform>
    <summary>Add-on Icon courtesy of @MrCoDer @Team Iconz</summary>
    <description>Simple tool for cleaning Kodi and its file system.</description>
    <news>Recoded for Kodi 19 Matrix and Kodi 20 Nexus</news>
    <language></language>
    <assets>
    <icon>icon.png</icon>
    <fanart>fanart.jpg</fanart>
    </assets>
  </extension>
</addon>
