<?xml version="1.0" encoding="UTF-8" standalone="yes"?>
<addon id="program.RockClean"
       name="[COLOR red]ROCK CLEANER[/COLOR]"
       version="1.0.8"
       provider-name="[I][COLOR red]Rock[/COLOR][/I]">
  <requires>
    <import addon="xbmc.python" version="3.0.0"/>
  </requires>
  <extension library="clean.py" point="xbmc.python.pluginsource">
        <provides>executable</provides>
  </extension>
  <extension library="starter.py" point="xbmc.service" start="startup"> 
        <provides>executable</provides>
  </extension>
  <extension point="xbmc.addon.metadata">
    <platform>all</platform>
    <summary></summary>
    <description>
	Simple tool for cleaning Kodi and its file system.
    </description>
    <language></language>
    <assets>
    <icon>icon.png</icon>
    <fanart>fanart.jpg</fanart>
    </assets>
  </extension>
</addon>